trial,tick_index,tick_simulation_s,active_wall_ms,cpu_ms,client_projection_ms,simulation_time_delta_s,overrun_s,sleep_budget_s
1,1,0.1,5.318682,0.17301,0.009955,0.1,0.0,0.09473447899799795
1,2,0.1,3.891715,0.14047,0.004927,0.09999999999999998,0.0,0.0961590429302305
1,3,0.1,3.883952,0.13966,0.004056,0.1,0.0,0.09616198695730419
1,4,0.1,3.913045,0.134152,0.004226,0.10000000000000009,0.0,0.09614028492942453
1,5,0.1,4.400834,0.122995,0.003966,0.10000000000000003,0.0,0.09565219599753619
2,1,0.1,5.16531,0.161654,0.005899,0.1,0.0,0.09488772090990097
2,2,0.1,3.847689,0.163878,0.003805,0.09999999999999998,0.0,0.09621122202370316
2,3,0.1,3.815188,0.170256,0.003615,0.1,0.0,0.0962523439899087
2,4,0.1,3.872564,0.171377,0.003766,0.10000000000000009,0.0,0.09619550805073232
2,5,0.1,4.422786,0.171988,0.003665,0.10000000000000003,0.0,0.09564580607693643
3,1,0.1,7.044761,0.163215,0.004857,0.1,0.0,0.09301538988947869
3,2,0.1,4.015672,0.15994,0.003045,0.09999999999999998,0.0,0.09605332303326578
3,3,0.1,3.926847,0.145879,0.002473,0.1,0.0,0.09614029505755753
3,4,0.1,3.874108,0.142715,0.002424,0.10000000000000009,0.0,0.0961927339900285
3,5,0.1,4.435045,0.165329,0.003765,0.10000000000000003,0.0,0.0956321370555088
1,1,0.25,9.983034,0.176535,0.004457,0.23999999999999996,0.0,0.2400757750729099
1,2,0.25,9.985698,0.17275,0.003866,0.2600000000000001,0.0,0.2400827360106632
1,3,0.25,8.487633,0.169084,0.003766,0.2400000000000002,0.0,0.24158073007129133
1,4,0.25,9.592054,0.169547,0.003836,0.2600000000000001,0.0,0.2404767320258543
1,5,0.25,8.312007,0.189245,0.003795,0.2400000000000002,0.0,0.24177228996995836
2,1,0.25,10.36448,0.163155,0.004217,0.23999999999999996,0.0,0.23970202903728932
2,2,0.25,10.009163,0.149624,0.002774,0.2600000000000001,0.0,0.2400582489790395
2,3,0.25,8.524669,0.148311,0.002453,0.2400000000000002,0.0,0.2415436439914629
2,4,0.25,9.743451,0.19497,0.002775,0.2600000000000001,0.0,0.24032605299726129
2,5,0.25,8.387832,0.142666,0.001952,0.2400000000000002,0.0,0.24168028100393713
3,1,0.25,9.979338,0.201254,0.00682,0.23999999999999996,0.0,0.24007445306051522
3,2,0.25,9.970555,0.15381,0.002915,0.2600000000000001,0.0,0.24009015690535307
3,3,0.25,8.490788,0.140702,0.002324,0.2400000000000002,0.0,0.24157684505917132
3,4,0.25,9.659053,0.145909,0.002504,0.2600000000000001,0.0,0.24040763697121292
3,5,0.25,8.424638,0.166047,0.003405,0.2400000000000002,0.0,0.2416434360202402
1,1,0.5,19.532313,0.186788,0.004376,0.5000000000000001,0.0,0.48052729899063706
1,2,0.5,17.835286,0.177035,0.003926,0.5000000000000003,0.0,0.48222544707823545
1,3,0.5,17.644307,0.177184,0.003746,0.5000000000000004,0.0,0.48241647495888174
1,4,0.5,17.457475,0.199949,0.003736,0.5000000000000004,0.0,0.48261246096808463
1,5,0.5,17.735796,0.19375,0.003635,0.5000000000000004,0.0,0.48233463102951646
2,1,0.5,19.62992,0.176945,0.004156,0.5000000000000001,0.0,0.4804289590101689
2,2,0.5,17.885453,0.192689,0.004086,0.5000000000000003,0.0,0.48218513396568596
2,3,0.5,17.840694,0.179981,0.003906,0.5000000000000004,0.0,0.4822282809764147
2,4,0.5,17.632921,0.176795,0.003786,0.5000000000000004,0.0,0.4824355239979923
2,5,0.5,17.907115,0.214612,0.003705,0.5000000000000004,0.0,0.48216370306909084
3,1,0.5,19.604662,0.17832,0.005188,0.5000000000000001,0.0,0.4804552490822971
3,2,0.5,17.816478,0.170806,0.004056,0.5000000000000003,0.0,0.482253847992979
3,3,0.5,17.833964,0.196484,0.004306,0.5000000000000004,0.0,0.48223602189682424
3,4,0.5,17.67217,0.178416,0.003755,0.5000000000000004,0.0,0.4823969359276816
3,5,0.5,17.942338,0.26741,0.00626,0.5000000000000004,0.0,0.4821304220240563
1,1,1.0,36.857376,0.331038,0.01243,1.0000000000000004,0.0,0.963216214091517
1,2,1.0,34.831844,0.351256,0.010987,1.0000000000000009,0.0,0.9652612569043413
1,3,1.0,35.209184,0.231819,0.005678,1.0000000000000009,0.0,0.9648622329114005
1,4,1.0,34.560544,0.201103,0.003916,1.0000000000000004,0.0,0.9655090409796685
1,5,1.0,34.694306,0.176534,0.003686,0.9999999999999787,0.0,0.9653746989788488
2,1,1.0,37.346286,0.177307,0.007862,1.0000000000000004,0.0,0.9627105699619278
2,2,1.0,34.957705,0.168393,0.004296,1.0000000000000009,0.0,0.9651115899905562
2,3,1.0,35.401685,0.148794,0.004237,1.0000000000000009,0.0,0.9646625819150358
2,4,1.0,34.820236,0.120922,0.003686,1.0000000000000004,0.0,0.9652338250307366
2,5,1.0,34.873557,0.14674,0.003816,0.9999999999999787,0.0,0.965187035035342
3,1,1.0,37.166383,0.206178,0.009074,1.0000000000000004,0.0,0.9629105919739231
3,2,1.0,35.003243,0.184587,0.004156,1.0000000000000009,0.0,0.9650690279668197
3,3,1.0,37.046583,0.184707,0.004186,1.0000000000000009,0.0,0.9630273199873045
3,4,1.0,36.633869,0.180562,0.003896,1.0000000000000004,0.0,0.9634385909885168
3,5,1.0,36.387817,0.178959,0.003685,0.9999999999999787,0.0,0.963691221899353
1,1,2.0,73.360317,0.276784,0.022704,2.0000000000000013,0.0,1.9267148370854557
1,2,2.0,70.33976,0.254302,0.007942,2.0000000000000013,0.0,1.9297448178986087
1,3,2.0,69.544417,0.184066,0.006069,1.9999999999999574,0.0,1.9305331700015813
1,4,2.0,68.694863,0.175711,0.005949,1.9999999999999574,0.0,1.9313968661008403
1,5,2.0,69.16378,0.191488,0.004877,1.9999999999999583,0.0,1.9309070870513096
2,1,2.0,72.939277,0.203106,0.006831,2.0000000000000013,0.0,1.9271251710597426
2,2,2.0,68.539434,0.19752,0.004397,2.0000000000000013,0.0,1.931537101045251
2,3,2.0,69.207695,0.201645,0.004617,1.9999999999999574,0.0,1.930874919053167
2,4,2.0,68.821691,0.194603,0.004106,1.9999999999999574,0.0,1.9312555260257795
2,5,2.0,68.250158,0.276014,0.007571,1.9999999999999583,0.0,1.9318238450214267
3,1,2.0,71.060615,0.208133,0.006259,2.0000000000000013,0.0,1.9290018599713221
3,2,2.0,69.764946,0.229184,0.00648,2.0000000000000013,0.0,1.9303101890254766
3,3,2.0,69.620717,0.214882,0.005959,1.9999999999999574,0.0,1.930453234934248
3,4,2.0,69.213,0.402504,0.011529,1.9999999999999574,0.0,1.930868623079732
3,5,2.0,69.152128,0.323227,0.010367,1.9999999999999583,0.0,1.9309265809133649
