checkpoint_id,checkpoint_restore_wall_ms,checkpoint_save_wall_ms,checkpoint_size_bytes,operation,session_count,session_index,trial
capacity-n1-t1-s1,,44.239172,2334678,save,1,1,1
capacity-n1-t1-s1,117.340208,,,restore,1,1,1
capacity-n1-t2-s1,,44.167659,2334678,save,1,1,2
capacity-n1-t2-s1,116.266463,,,restore,1,1,2
capacity-n1-t3-s1,,46.165088,2334678,save,1,1,3
capacity-n1-t3-s1,119.108615,,,restore,1,1,3
capacity-n2-t1-s1,,46.433892,2334678,save,2,1,1
capacity-n2-t1-s2,,44.011123,2334678,save,2,2,1
capacity-n2-t1-s1,120.37719,,,restore,2,1,1
capacity-n2-t1-s2,121.99794,,,restore,2,2,1
capacity-n2-t2-s1,,44.697948,2334678,save,2,1,2
capacity-n2-t2-s2,,44.061285,2334678,save,2,2,2
capacity-n2-t2-s1,121.612629,,,restore,2,1,2
capacity-n2-t2-s2,117.015087,,,restore,2,2,2
capacity-n2-t3-s1,,44.139001,2334678,save,2,1,3
capacity-n2-t3-s2,,44.166442,2334678,save,2,2,3
capacity-n2-t3-s1,118.923441,,,restore,2,1,3
capacity-n2-t3-s2,124.616174,,,restore,2,2,3
capacity-n4-t1-s1,,47.168885,2334678,save,4,1,1
capacity-n4-t1-s2,,47.038769,2334678,save,4,2,1
capacity-n4-t1-s3,,44.283223,2334678,save,4,3,1
capacity-n4-t1-s4,,47.419461,2334678,save,4,4,1
capacity-n4-t1-s1,124.144318,,,restore,4,1,1
capacity-n4-t1-s2,122.708975,,,restore,4,2,1
capacity-n4-t1-s3,122.152118,,,restore,4,3,1
capacity-n4-t1-s4,121.687063,,,restore,4,4,1
capacity-n4-t2-s1,,46.105868,2334678,save,4,1,2
capacity-n4-t2-s2,,49.150799,2334678,save,4,2,2
capacity-n4-t2-s3,,48.66286,2334678,save,4,3,2
capacity-n4-t2-s4,,48.645866,2334678,save,4,4,2
capacity-n4-t2-s1,130.27779,,,restore,4,1,2
capacity-n4-t2-s2,126.583092,,,restore,4,2,2
capacity-n4-t2-s3,123.493189,,,restore,4,3,2
capacity-n4-t2-s4,122.464764,,,restore,4,4,2
capacity-n4-t3-s1,,44.204932,2334678,save,4,1,3
capacity-n4-t3-s2,,46.894117,2334678,save,4,2,3
capacity-n4-t3-s3,,45.38353,2334678,save,4,3,3
capacity-n4-t3-s4,,42.96635,2334678,save,4,4,3
capacity-n4-t3-s1,121.544612,,,restore,4,1,3
capacity-n4-t3-s2,128.84317,,,restore,4,2,3
capacity-n4-t3-s3,121.154234,,,restore,4,3,3
capacity-n4-t3-s4,116.77977,,,restore,4,4,3
capacity-n8-t1-s1,,48.572383,2334678,save,8,1,1
capacity-n8-t1-s2,,63.700166,2334678,save,8,2,1
capacity-n8-t1-s3,,50.069274,2334678,save,8,3,1
capacity-n8-t1-s4,,59.568126,2334678,save,8,4,1
capacity-n8-t1-s5,,46.049572,2334678,save,8,5,1
capacity-n8-t1-s6,,50.102182,2334678,save,8,6,1
capacity-n8-t1-s7,,62.598291,2334678,save,8,7,1
capacity-n8-t1-s8,,69.757874,2334678,save,8,8,1
capacity-n8-t1-s1,120.370179,,,restore,8,1,1
capacity-n8-t1-s2,187.364464,,,restore,8,2,1
capacity-n8-t1-s3,125.097529,,,restore,8,3,1
capacity-n8-t1-s4,123.110604,,,restore,8,4,1
capacity-n8-t1-s5,121.691658,,,restore,8,5,1
capacity-n8-t1-s6,187.600519,,,restore,8,6,1
capacity-n8-t1-s7,177.259925,,,restore,8,7,1
capacity-n8-t1-s8,173.840841,,,restore,8,8,1
capacity-n8-t2-s1,,66.930998,2334678,save,8,1,2
capacity-n8-t2-s2,,44.303784,2334678,save,8,2,2
capacity-n8-t2-s3,,45.342277,2334678,save,8,3,2
capacity-n8-t2-s4,,63.664995,2334678,save,8,4,2
capacity-n8-t2-s5,,45.180555,2334678,save,8,5,2
capacity-n8-t2-s6,,65.874499,2334678,save,8,6,2
capacity-n8-t2-s7,,64.869767,2334678,save,8,7,2
capacity-n8-t2-s8,,43.713537,2334678,save,8,8,2
capacity-n8-t2-s1,122.082749,,,restore,8,1,2
capacity-n8-t2-s2,180.11018,,,restore,8,2,2
capacity-n8-t2-s3,182.30882,,,restore,8,3,2
capacity-n8-t2-s4,143.189906,,,restore,8,4,2
capacity-n8-t2-s5,123.946391,,,restore,8,5,2
capacity-n8-t2-s6,155.762335,,,restore,8,6,2
capacity-n8-t2-s7,125.068439,,,restore,8,7,2
capacity-n8-t2-s8,175.115628,,,restore,8,8,2
capacity-n8-t3-s1,,67.930136,2334678,save,8,1,3
capacity-n8-t3-s2,,66.106096,2334678,save,8,2,3
capacity-n8-t3-s3,,46.325003,2334678,save,8,3,3
capacity-n8-t3-s4,,49.71584,2334678,save,8,4,3
capacity-n8-t3-s5,,46.26826,2334678,save,8,5,3
capacity-n8-t3-s6,,64.638364,2334678,save,8,6,3
capacity-n8-t3-s7,,49.226435,2334678,save,8,7,3
capacity-n8-t3-s8,,63.989043,2334678,save,8,8,3
capacity-n8-t3-s1,180.869639,,,restore,8,1,3
capacity-n8-t3-s2,122.27856,,,restore,8,2,3
capacity-n8-t3-s3,128.55134,,,restore,8,3,3
capacity-n8-t3-s4,125.401745,,,restore,8,4,3
capacity-n8-t3-s5,185.801746,,,restore,8,5,3
capacity-n8-t3-s6,185.613424,,,restore,8,6,3
capacity-n8-t3-s7,179.077893,,,restore,8,7,3
capacity-n8-t3-s8,123.875739,,,restore,8,8,3
capacity-n16-t1-s1,,91.909576,2334678,save,16,1,1
capacity-n16-t1-s2,,110.917574,2334678,save,16,2,1
capacity-n16-t1-s3,,87.36392,2334678,save,16,3,1
capacity-n16-t1-s4,,95.12105,2334678,save,16,4,1
capacity-n16-t1-s5,,107.973303,2334678,save,16,5,1
capacity-n16-t1-s6,,100.229408,2334678,save,16,6,1
capacity-n16-t1-s7,,100.654129,2334678,save,16,7,1
capacity-n16-t1-s8,,99.986112,2334678,save,16,8,1
capacity-n16-t1-s9,,116.132161,2334678,save,16,9,1
capacity-n16-t1-s10,,88.987781,2334678,save,16,10,1
capacity-n16-t1-s11,,111.151571,2334678,save,16,11,1
capacity-n16-t1-s12,,106.815077,2334678,save,16,12,1
capacity-n16-t1-s13,,107.33679,2334678,save,16,13,1
capacity-n16-t1-s14,,100.093483,2334678,save,16,14,1
capacity-n16-t1-s15,,83.079999,2334678,save,16,15,1
capacity-n16-t1-s16,,104.814642,2334678,save,16,16,1
capacity-n16-t1-s1,325.334406,,,restore,16,1,1
capacity-n16-t1-s2,272.359199,,,restore,16,2,1
capacity-n16-t1-s3,324.195032,,,restore,16,3,1
capacity-n16-t1-s4,258.200554,,,restore,16,4,1
capacity-n16-t1-s5,316.721107,,,restore,16,5,1
capacity-n16-t1-s6,162.771751,,,restore,16,6,1
capacity-n16-t1-s7,315.25043,,,restore,16,7,1
capacity-n16-t1-s8,315.073048,,,restore,16,8,1
capacity-n16-t1-s9,312.361952,,,restore,16,9,1
capacity-n16-t1-s10,287.228339,,,restore,16,10,1
capacity-n16-t1-s11,290.139015,,,restore,16,11,1
capacity-n16-t1-s12,315.28245,,,restore,16,12,1
capacity-n16-t1-s13,288.357109,,,restore,16,13,1
capacity-n16-t1-s14,266.988122,,,restore,16,14,1
capacity-n16-t1-s15,271.835744,,,restore,16,15,1
capacity-n16-t1-s16,312.891105,,,restore,16,16,1
capacity-n16-t2-s1,,106.188132,2334678,save,16,1,2
capacity-n16-t2-s2,,78.657871,2334678,save,16,2,2
capacity-n16-t2-s3,,116.623655,2334678,save,16,3,2
capacity-n16-t2-s4,,111.626421,2334678,save,16,4,2
capacity-n16-t2-s5,,94.116792,2334678,save,16,5,2
capacity-n16-t2-s6,,91.25416,2334678,save,16,6,2
capacity-n16-t2-s7,,121.000677,2334678,save,16,7,2
capacity-n16-t2-s8,,112.768623,2334678,save,16,8,2
capacity-n16-t2-s9,,77.069752,2334678,save,16,9,2
capacity-n16-t2-s10,,120.311848,2334678,save,16,10,2
capacity-n16-t2-s11,,121.219958,2334678,save,16,11,2
capacity-n16-t2-s12,,77.601138,2334678,save,16,12,2
capacity-n16-t2-s13,,108.789451,2334678,save,16,13,2
capacity-n16-t2-s14,,106.503273,2334678,save,16,14,2
capacity-n16-t2-s15,,98.482305,2334678,save,16,15,2
capacity-n16-t2-s16,,64.862958,2334678,save,16,16,2
capacity-n16-t2-s1,275.16121,,,restore,16,1,2
capacity-n16-t2-s2,310.653965,,,restore,16,2,2
capacity-n16-t2-s3,285.002114,,,restore,16,3,2
capacity-n16-t2-s4,295.290882,,,restore,16,4,2
capacity-n16-t2-s5,311.789108,,,restore,16,5,2
capacity-n16-t2-s6,251.859988,,,restore,16,6,2
capacity-n16-t2-s7,318.243214,,,restore,16,7,2
capacity-n16-t2-s8,292.641682,,,restore,16,8,2
capacity-n16-t2-s9,328.431063,,,restore,16,9,2
capacity-n16-t2-s10,325.633276,,,restore,16,10,2
capacity-n16-t2-s11,332.665784,,,restore,16,11,2
capacity-n16-t2-s12,278.751796,,,restore,16,12,2
capacity-n16-t2-s13,289.104561,,,restore,16,13,2
capacity-n16-t2-s14,273.245475,,,restore,16,14,2
capacity-n16-t2-s15,256.131004,,,restore,16,15,2
capacity-n16-t2-s16,263.639075,,,restore,16,16,2
capacity-n16-t3-s1,,124.400788,2334678,save,16,1,3
capacity-n16-t3-s2,,106.217166,2334678,save,16,2,3
capacity-n16-t3-s3,,118.650984,2334678,save,16,3,3
capacity-n16-t3-s4,,123.858256,2334678,save,16,4,3
capacity-n16-t3-s5,,106.148418,2334678,save,16,5,3
capacity-n16-t3-s6,,124.812048,2334678,save,16,6,3
capacity-n16-t3-s7,,128.140484,2334678,save,16,7,3
capacity-n16-t3-s8,,66.982214,2334678,save,16,8,3
capacity-n16-t3-s9,,110.947682,2334678,save,16,9,3
capacity-n16-t3-s10,,107.500115,2334678,save,16,10,3
capacity-n16-t3-s11,,117.763776,2334678,save,16,11,3
capacity-n16-t3-s12,,115.758479,2334678,save,16,12,3
capacity-n16-t3-s13,,107.813731,2334678,save,16,13,3
capacity-n16-t3-s14,,109.922767,2334678,save,16,14,3
capacity-n16-t3-s15,,62.948918,2334678,save,16,15,3
capacity-n16-t3-s16,,85.666623,2334678,save,16,16,3
capacity-n16-t3-s1,312.166159,,,restore,16,1,3
capacity-n16-t3-s2,189.46563,,,restore,16,2,3
capacity-n16-t3-s3,342.619617,,,restore,16,3,3
capacity-n16-t3-s4,356.70241,,,restore,16,4,3
capacity-n16-t3-s5,144.598259,,,restore,16,5,3
capacity-n16-t3-s6,341.372813,,,restore,16,6,3
capacity-n16-t3-s7,284.881188,,,restore,16,7,3
capacity-n16-t3-s8,308.423277,,,restore,16,8,3
capacity-n16-t3-s9,323.492374,,,restore,16,9,3
capacity-n16-t3-s10,259.542883,,,restore,16,10,3
capacity-n16-t3-s11,280.307029,,,restore,16,11,3
capacity-n16-t3-s12,305.30636,,,restore,16,12,3
capacity-n16-t3-s13,175.186675,,,restore,16,13,3
capacity-n16-t3-s14,241.778847,,,restore,16,14,3
capacity-n16-t3-s15,320.945554,,,restore,16,15,3
capacity-n16-t3-s16,302.01926,,,restore,16,16,3
capacity-n32-t1-s1,,151.244293,2334678,save,32,1,1
capacity-n32-t1-s2,,152.269156,2334678,save,32,2,1
capacity-n32-t1-s3,,60.111793,2334678,save,32,3,1
capacity-n32-t1-s4,,131.806719,2334678,save,32,4,1
capacity-n32-t1-s5,,223.549365,2334678,save,32,5,1
capacity-n32-t1-s6,,150.244124,2334678,save,32,6,1
capacity-n32-t1-s7,,146.776285,2334678,save,32,7,1
capacity-n32-t1-s8,,153.410988,2334678,save,32,8,1
capacity-n32-t1-s9,,192.759727,2334678,save,32,9,1
capacity-n32-t1-s10,,171.620009,2334678,save,32,10,1
capacity-n32-t1-s11,,113.936782,2334678,save,32,11,1
capacity-n32-t1-s12,,205.683429,2334678,save,32,12,1
capacity-n32-t1-s13,,221.560122,2334678,save,32,13,1
capacity-n32-t1-s14,,112.903249,2334678,save,32,14,1
capacity-n32-t1-s15,,154.725565,2334678,save,32,15,1
capacity-n32-t1-s16,,182.390024,2334678,save,32,16,1
capacity-n32-t1-s17,,200.750554,2334678,save,32,17,1
capacity-n32-t1-s18,,195.949576,2334678,save,32,18,1
capacity-n32-t1-s19,,98.09046,2334678,save,32,19,1
capacity-n32-t1-s20,,177.116326,2334678,save,32,20,1
capacity-n32-t1-s21,,186.30807,2334678,save,32,21,1
capacity-n32-t1-s22,,127.113801,2334678,save,32,22,1
capacity-n32-t1-s23,,175.529586,2334678,save,32,23,1
capacity-n32-t1-s24,,142.379689,2334678,save,32,24,1
capacity-n32-t1-s25,,130.675232,2334678,save,32,25,1
capacity-n32-t1-s26,,142.048148,2334678,save,32,26,1
capacity-n32-t1-s27,,183.775548,2334678,save,32,27,1
capacity-n32-t1-s28,,175.660054,2334678,save,32,28,1
capacity-n32-t1-s29,,181.883404,2334678,save,32,29,1
capacity-n32-t1-s30,,165.580295,2334678,save,32,30,1
capacity-n32-t1-s31,,177.291284,2334678,save,32,31,1
capacity-n32-t1-s32,,115.017915,2334678,save,32,32,1
capacity-n32-t1-s1,533.509447,,,restore,32,1,1
capacity-n32-t1-s2,509.383627,,,restore,32,2,1
capacity-n32-t1-s3,612.807609,,,restore,32,3,1
capacity-n32-t1-s4,612.317247,,,restore,32,4,1
capacity-n32-t1-s5,583.74842,,,restore,32,5,1
capacity-n32-t1-s6,610.71509,,,restore,32,6,1
capacity-n32-t1-s7,474.353742,,,restore,32,7,1
capacity-n32-t1-s8,225.433828,,,restore,32,8,1
capacity-n32-t1-s9,576.104133,,,restore,32,9,1
capacity-n32-t1-s10,558.966961,,,restore,32,10,1
capacity-n32-t1-s11,465.815213,,,restore,32,11,1
capacity-n32-t1-s12,547.774013,,,restore,32,12,1
capacity-n32-t1-s13,533.134672,,,restore,32,13,1
capacity-n32-t1-s14,610.718817,,,restore,32,14,1
capacity-n32-t1-s15,601.757675,,,restore,32,15,1
capacity-n32-t1-s16,608.098013,,,restore,32,16,1
capacity-n32-t1-s17,268.156919,,,restore,32,17,1
capacity-n32-t1-s18,531.196631,,,restore,32,18,1
capacity-n32-t1-s19,582.200953,,,restore,32,19,1
capacity-n32-t1-s20,512.766718,,,restore,32,20,1
capacity-n32-t1-s21,525.471265,,,restore,32,21,1
capacity-n32-t1-s22,585.744337,,,restore,32,22,1
capacity-n32-t1-s23,572.313653,,,restore,32,23,1
capacity-n32-t1-s24,367.837452,,,restore,32,24,1
capacity-n32-t1-s25,552.417638,,,restore,32,25,1
capacity-n32-t1-s26,388.226357,,,restore,32,26,1
capacity-n32-t1-s27,500.690051,,,restore,32,27,1
capacity-n32-t1-s28,512.071976,,,restore,32,28,1
capacity-n32-t1-s29,474.051018,,,restore,32,29,1
capacity-n32-t1-s30,498.774368,,,restore,32,30,1
capacity-n32-t1-s31,470.100115,,,restore,32,31,1
capacity-n32-t1-s32,431.338549,,,restore,32,32,1
capacity-n32-t2-s1,,97.054684,2334678,save,32,1,2
capacity-n32-t2-s2,,62.76445,2334678,save,32,2,2
capacity-n32-t2-s3,,83.377619,2334678,save,32,3,2
capacity-n32-t2-s4,,179.430664,2334678,save,32,4,2
capacity-n32-t2-s5,,82.947846,2334678,save,32,5,2
capacity-n32-t2-s6,,142.086044,2334678,save,32,6,2
capacity-n32-t2-s7,,192.260479,2334678,save,32,7,2
capacity-n32-t2-s8,,168.473929,2334678,save,32,8,2
capacity-n32-t2-s9,,190.480522,2334678,save,32,9,2
capacity-n32-t2-s10,,204.111233,2334678,save,32,10,2
capacity-n32-t2-s11,,197.182368,2334678,save,32,11,2
capacity-n32-t2-s12,,64.41033,2334678,save,32,12,2
capacity-n32-t2-s13,,46.351277,2334678,save,32,13,2
capacity-n32-t2-s14,,147.054226,2334678,save,32,14,2
capacity-n32-t2-s15,,143.478645,2334678,save,32,15,2
capacity-n32-t2-s16,,183.373063,2334678,save,32,16,2
capacity-n32-t2-s17,,187.469454,2334678,save,32,17,2
capacity-n32-t2-s18,,186.51266,2334678,save,32,18,2
capacity-n32-t2-s19,,122.67152,2334678,save,32,19,2
capacity-n32-t2-s20,,108.27374,2334678,save,32,20,2
capacity-n32-t2-s21,,136.344158,2334678,save,32,21,2
capacity-n32-t2-s22,,160.195776,2334678,save,32,22,2
capacity-n32-t2-s23,,93.321233,2334678,save,32,23,2
capacity-n32-t2-s24,,150.27922,2334678,save,32,24,2
capacity-n32-t2-s25,,95.221265,2334678,save,32,25,2
capacity-n32-t2-s26,,110.722789,2334678,save,32,26,2
capacity-n32-t2-s27,,113.868102,2334678,save,32,27,2
capacity-n32-t2-s28,,74.344206,2334678,save,32,28,2
capacity-n32-t2-s29,,110.754455,2334678,save,32,29,2
capacity-n32-t2-s30,,138.961162,2334678,save,32,30,2
capacity-n32-t2-s31,,132.271536,2334678,save,32,31,2
capacity-n32-t2-s32,,140.805911,2334678,save,32,32,2
capacity-n32-t2-s1,541.984238,,,restore,32,1,2
capacity-n32-t2-s2,505.436536,,,restore,32,2,2
capacity-n32-t2-s3,597.318662,,,restore,32,3,2
capacity-n32-t2-s4,422.209582,,,restore,32,4,2
capacity-n32-t2-s5,654.991843,,,restore,32,5,2
capacity-n32-t2-s6,538.39253,,,restore,32,6,2
capacity-n32-t2-s7,582.201175,,,restore,32,7,2
capacity-n32-t2-s8,604.80745,,,restore,32,8,2
capacity-n32-t2-s9,647.728256,,,restore,32,9,2
capacity-n32-t2-s10,640.504566,,,restore,32,10,2
capacity-n32-t2-s11,586.175254,,,restore,32,11,2
capacity-n32-t2-s12,628.23583,,,restore,32,12,2
capacity-n32-t2-s13,262.609403,,,restore,32,13,2
capacity-n32-t2-s14,604.152862,,,restore,32,14,2
capacity-n32-t2-s15,443.645882,,,restore,32,15,2
capacity-n32-t2-s16,509.552723,,,restore,32,16,2
capacity-n32-t2-s17,550.932087,,,restore,32,17,2
capacity-n32-t2-s18,543.614054,,,restore,32,18,2
capacity-n32-t2-s19,581.785481,,,restore,32,19,2
capacity-n32-t2-s20,572.57086,,,restore,32,20,2
capacity-n32-t2-s21,564.204492,,,restore,32,21,2
capacity-n32-t2-s22,487.290715,,,restore,32,22,2
capacity-n32-t2-s23,587.732192,,,restore,32,23,2
capacity-n32-t2-s24,576.057014,,,restore,32,24,2
capacity-n32-t2-s25,582.480253,,,restore,32,25,2
capacity-n32-t2-s26,546.554742,,,restore,32,26,2
capacity-n32-t2-s27,495.655955,,,restore,32,27,2
capacity-n32-t2-s28,575.53016,,,restore,32,28,2
capacity-n32-t2-s29,551.031831,,,restore,32,29,2
capacity-n32-t2-s30,535.82249,,,restore,32,30,2
capacity-n32-t2-s31,441.309638,,,restore,32,31,2
capacity-n32-t2-s32,443.154188,,,restore,32,32,2
capacity-n32-t3-s1,,238.825335,2334678,save,32,1,3
capacity-n32-t3-s2,,156.78666,2334678,save,32,2,3
capacity-n32-t3-s3,,162.647124,2334678,save,32,3,3
capacity-n32-t3-s4,,50.996855,2334678,save,32,4,3
capacity-n32-t3-s5,,87.7105,2334678,save,32,5,3
capacity-n32-t3-s6,,62.15378,2334678,save,32,6,3
capacity-n32-t3-s7,,239.182114,2334678,save,32,7,3
capacity-n32-t3-s8,,180.041756,2334678,save,32,8,3
capacity-n32-t3-s9,,231.049009,2334678,save,32,9,3
capacity-n32-t3-s10,,172.144863,2334678,save,32,10,3
capacity-n32-t3-s11,,96.523398,2334678,save,32,11,3
capacity-n32-t3-s12,,218.769734,2334678,save,32,12,3
capacity-n32-t3-s13,,195.024097,2334678,save,32,13,3
capacity-n32-t3-s14,,185.557858,2334678,save,32,14,3
capacity-n32-t3-s15,,80.050243,2334678,save,32,15,3
capacity-n32-t3-s16,,204.99919,2334678,save,32,16,3
capacity-n32-t3-s17,,172.033352,2334678,save,32,17,3
capacity-n32-t3-s18,,204.085411,2334678,save,32,18,3
capacity-n32-t3-s19,,111.180261,2334678,save,32,19,3
capacity-n32-t3-s20,,153.92064,2334678,save,32,20,3
capacity-n32-t3-s21,,111.995883,2334678,save,32,21,3
capacity-n32-t3-s22,,177.152674,2334678,save,32,22,3
capacity-n32-t3-s23,,144.552695,2334678,save,32,23,3
capacity-n32-t3-s24,,171.881075,2334678,save,32,24,3
capacity-n32-t3-s25,,190.714699,2334678,save,32,25,3
capacity-n32-t3-s26,,181.148453,2334678,save,32,26,3
capacity-n32-t3-s27,,188.406498,2334678,save,32,27,3
capacity-n32-t3-s28,,189.838675,2334678,save,32,28,3
capacity-n32-t3-s29,,77.150816,2334678,save,32,29,3
capacity-n32-t3-s30,,119.491429,2334678,save,32,30,3
capacity-n32-t3-s31,,139.757052,2334678,save,32,31,3
capacity-n32-t3-s32,,151.788196,2334678,save,32,32,3
capacity-n32-t3-s1,489.483711,,,restore,32,1,3
capacity-n32-t3-s2,401.495232,,,restore,32,2,3
capacity-n32-t3-s3,577.30393,,,restore,32,3,3
capacity-n32-t3-s4,480.134268,,,restore,32,4,3
capacity-n32-t3-s5,591.312052,,,restore,32,5,3
capacity-n32-t3-s6,618.722148,,,restore,32,6,3
capacity-n32-t3-s7,653.62061,,,restore,32,7,3
capacity-n32-t3-s8,440.274092,,,restore,32,8,3
capacity-n32-t3-s9,573.347417,,,restore,32,9,3
capacity-n32-t3-s10,642.622623,,,restore,32,10,3
capacity-n32-t3-s11,653.947362,,,restore,32,11,3
capacity-n32-t3-s12,470.849637,,,restore,32,12,3
capacity-n32-t3-s13,636.514702,,,restore,32,13,3
capacity-n32-t3-s14,384.044812,,,restore,32,14,3
capacity-n32-t3-s15,588.852857,,,restore,32,15,3
capacity-n32-t3-s16,464.008442,,,restore,32,16,3
capacity-n32-t3-s17,448.117875,,,restore,32,17,3
capacity-n32-t3-s18,590.404618,,,restore,32,18,3
capacity-n32-t3-s19,557.32437,,,restore,32,19,3
capacity-n32-t3-s20,484.256215,,,restore,32,20,3
capacity-n32-t3-s21,572.794033,,,restore,32,21,3
capacity-n32-t3-s22,562.886803,,,restore,32,22,3
capacity-n32-t3-s23,570.635248,,,restore,32,23,3
capacity-n32-t3-s24,538.058934,,,restore,32,24,3
capacity-n32-t3-s25,444.732789,,,restore,32,25,3
capacity-n32-t3-s26,516.122844,,,restore,32,26,3
capacity-n32-t3-s27,517.131884,,,restore,32,27,3
capacity-n32-t3-s28,414.698002,,,restore,32,28,3
capacity-n32-t3-s29,469.580893,,,restore,32,29,3
capacity-n32-t3-s30,384.767255,,,restore,32,30,3
capacity-n32-t3-s31,420.999438,,,restore,32,31,3
capacity-n32-t3-s32,472.483258,,,restore,32,32,3
