batch_start_wall_ms,pid,session_count,session_index,start_wall_ms,trial
139.128515,58127,1,1,135.869872,1
138.091592,58150,1,1,137.290223,2
140.752074,58173,1,1,140.076665,3
133.787388,58203,2,1,132.138747,1
133.787388,58204,2,2,132.085897,1
128.899579,58249,2,1,127.26537,2
128.899579,58250,2,2,127.817866,2
132.399967,58296,2,1,127.043471,3
132.399967,58295,2,2,131.407358,3
134.316859,58343,4,1,126.158671,1
134.316859,58346,4,2,131.783096,1
134.316859,58342,4,3,131.503962,1
134.316859,58345,4,4,126.889564,1
133.983002,58437,4,1,130.825067,2
133.983002,58436,4,2,131.145595,2
133.983002,58435,4,3,129.718939,2
133.983002,58438,4,4,129.223152,2
146.409111,58530,4,1,136.776333,3
146.409111,58527,4,2,144.892841,3
146.409111,58529,4,3,133.467513,3
146.409111,58528,4,4,134.133891,3
209.545903,58626,8,1,142.086956,1
209.545903,58625,8,2,133.917572,1
209.545903,58629,8,3,199.681133,1
209.545903,58623,8,4,151.450662,1
209.545903,58627,8,5,175.152344,1
209.545903,58628,8,6,204.261222,1
209.545903,58624,8,7,202.134079,1
209.545903,58630,8,8,141.438431,1
201.555309,58809,8,1,138.539369,2
201.555309,58808,8,2,130.848668,2
201.555309,58812,8,3,137.65849,2
201.555309,58811,8,4,191.830111,2
201.555309,58813,8,5,162.914238,2
201.555309,58810,8,6,190.767529,2
201.555309,58815,8,7,194.574842,2
201.555309,58814,8,8,165.197267,2
202.463252,58998,8,1,197.123429,3
202.463252,59000,8,2,187.519426,3
202.463252,58997,8,3,194.506631,3
202.463252,58996,8,4,132.895231,3
202.463252,59002,8,5,139.303595,3
202.463252,58999,8,6,135.639508,3
202.463252,59003,8,7,135.189312,3
202.463252,59001,8,8,194.520224,3
383.6735,59190,16,1,326.446713,1
383.6735,59188,16,2,310.753096,1
383.6735,59178,16,3,304.066515,1
383.6735,59189,16,4,269.884314,1
383.6735,59197,16,5,349.292448,1
383.6735,59192,16,6,203.952797,1
383.6735,59200,16,7,245.918493,1
383.6735,59195,16,8,329.675966,1
383.6735,59193,16,9,338.115747,1
383.6735,59199,16,10,332.400353,1
383.6735,59202,16,11,358.479164,1
383.6735,59201,16,12,319.786003,1
383.6735,59194,16,13,258.859664,1
383.6735,59198,16,14,332.938526,1
383.6735,59203,16,15,319.730854,1
383.6735,59196,16,16,322.982676,1
385.593101,59548,16,1,239.331044,2
385.593101,59550,16,2,148.631519,2
385.593101,59558,16,3,380.316113,2
385.593101,59559,16,4,346.082443,2
385.593101,59549,16,5,291.309437,2
385.593101,59551,16,6,374.543346,2
385.593101,59552,16,7,347.822284,2
385.593101,59563,16,8,332.435129,2
385.593101,59561,16,9,332.131407,2
385.593101,59557,16,10,252.82534,2
385.593101,59556,16,11,314.675818,2
385.593101,59553,16,12,265.182886,2
385.593101,59554,16,13,335.797558,2
385.593101,59555,16,14,260.263058,2
385.593101,59560,16,15,326.388784,2
385.593101,59562,16,16,252.652329,2
377.562677,59912,16,1,343.354629,3
377.562677,59907,16,2,335.775791,3
377.562677,59916,16,3,294.690219,3
377.562677,59908,16,4,356.796869,3
377.562677,59909,16,5,277.925095,3
377.562677,59922,16,6,333.336547,3
377.562677,59926,16,7,330.263748,3
377.562677,59924,16,8,332.873351,3
377.562677,59917,16,9,267.659091,3
377.562677,59927,16,10,301.051673,3
377.562677,59920,16,11,362.995619,3
377.562677,59923,16,12,281.612281,3
377.562677,59919,16,13,338.054426,3
377.562677,59918,16,14,278.770916,3
377.562677,59925,16,15,309.678244,3
377.562677,59921,16,16,346.954351,3
773.806042,60274,32,1,355.15437,1
773.806042,60275,32,2,444.295648,1
773.806042,60286,32,3,326.379957,1
773.806042,60277,32,4,542.979435,1
773.806042,60284,32,5,473.485993,1
773.806042,60279,32,6,347.722055,1
773.806042,60290,32,7,463.905954,1
773.806042,60291,32,8,409.211669,1
773.806042,60303,32,9,532.265099,1
773.806042,60309,32,10,746.377476,1
773.806042,60298,32,11,674.061552,1
773.806042,60301,32,12,721.621661,1
773.806042,60304,32,13,561.503991,1
773.806042,60294,32,14,556.282398,1
773.806042,60295,32,15,722.882965,1
773.806042,60299,32,16,717.879111,1
773.806042,60302,32,17,684.147775,1
773.806042,60314,32,18,724.31041,1
773.806042,60297,32,19,652.302467,1
773.806042,60308,32,20,699.588794,1
773.806042,60310,32,21,657.336627,1
773.806042,60321,32,22,640.465783,1
773.806042,60319,32,23,703.675167,1
773.806042,60315,32,24,570.968245,1
773.806042,60313,32,25,700.437691,1
773.806042,60317,32,26,691.618078,1
773.806042,60318,32,27,585.840796,1
773.806042,60316,32,28,628.603031,1
773.806042,60320,32,29,492.167892,1
773.806042,60323,32,30,517.056595,1
773.806042,60322,32,31,569.928458,1
773.806042,60324,32,32,503.223542,1
732.156182,60969,32,1,346.256022,2
732.156182,60968,32,2,593.356646,2
732.156182,60970,32,3,465.988059,2
732.156182,60966,32,4,220.45033,2
732.156182,60964,32,5,348.895048,2
732.156182,60976,32,6,628.288025,2
732.156182,60973,32,7,285.01802,2
732.156182,60980,32,8,514.880169,2
732.156182,60979,32,9,627.720233,2
732.156182,60972,32,10,567.851452,2
732.156182,60988,32,11,682.194062,2
732.156182,60977,32,12,453.550818,2
732.156182,60982,32,13,550.614582,2
732.156182,60985,32,14,562.038107,2
732.156182,60984,32,15,673.216645,2
732.156182,60992,32,16,653.844572,2
732.156182,60995,32,17,678.654978,2
732.156182,60990,32,18,663.885012,2
732.156182,60993,32,19,559.129463,2
732.156182,61001,32,20,663.962334,2
732.156182,60986,32,21,484.370291,2
732.156182,61005,32,22,616.74434,2
732.156182,60997,32,23,588.209295,2
732.156182,60999,32,24,525.896398,2
732.156182,61007,32,25,575.342639,2
732.156182,60998,32,26,468.595256,2
732.156182,61006,32,27,537.745994,2
732.156182,61003,32,28,480.527907,2
732.156182,61008,32,29,417.574105,2
732.156182,61011,32,30,477.047848,2
732.156182,61012,32,31,493.519143,2
732.156182,61013,32,32,390.752742,2
741.599625,61632,32,1,412.015298,3
741.599625,61630,32,2,308.696118,3
741.599625,61639,32,3,494.604768,3
741.599625,61636,32,4,455.324995,3
741.599625,61629,32,5,237.682506,3
741.599625,61648,32,6,561.27091,3
741.599625,61645,32,7,582.145656,3
741.599625,61635,32,8,517.788222,3
741.599625,61633,32,9,315.166918,3
741.599625,61641,32,10,597.549945,3
741.599625,61642,32,11,475.243387,3
741.599625,61643,32,12,560.208366,3
741.599625,61638,32,13,438.165491,3
741.599625,61646,32,14,404.06968,3
741.599625,61647,32,15,582.281922,3
741.599625,61650,32,16,625.351349,3
741.599625,61656,32,17,635.147184,3
741.599625,61659,32,18,690.458451,3
741.599625,61661,32,19,479.703336,3
741.599625,61665,32,20,690.421847,3
741.599625,61652,32,21,578.126745,3
741.599625,61663,32,22,642.727629,3
741.599625,61653,32,23,512.732296,3
741.599625,61671,32,24,613.791318,3
741.599625,61673,32,25,529.305764,3
741.599625,61667,32,26,568.464217,3
741.599625,61668,32,27,589.581193,3
741.599625,61670,32,28,510.090518,3
741.599625,61674,32,29,428.499836,3
741.599625,61675,32,30,457.347729,3
741.599625,61669,32,31,457.151808,3
741.599625,61672,32,32,424.940405,3
